{
    "title_back": "",
    "system_error_title": "Kesalahan sistem",
    "system_error_msg": "Maaf, kesalahan sistem. Silakan coba lagi nanti.",
    "system_error_got_it": "Mengerti",
    "network_error_title": "Koneksi internet gagal",
    "network_error_msg": "Silakan periksa koneksi internet Anda dan coba lagi.",
    "network_error_retry": "Pengulangan",
    "network_error_exit": "Berhenti",
    "zface_title": "Melakukan Verifikasi wajah",
    "zface_no_face": "Wajah Tidak Terdeteksi",
    "zface_not_in_center": "Wajah Tidak Terdeteksi",
    "zface_bad_pitch": "Wajah Tidak Terdeteksi",
    "zface_bad_yaw": "Wajah Tidak Terdeteksi",
    "zface_bad_quality": "Wajah Tidak Terdeteksi",
    "zface_distance_too_far": "Mendekat",
    "zface_distance_too_close": "Bergerak Lebih Jauh",
    "zface_bad_brightness": "Terlalu Gelap",
    "zface_bad_eye_openness": "Buka Mata Anda",
    "zface_blink_openness": "Kedipkan Mata Anda",
    "zface_stack_time": "Tetap Diam",
    "zface_is_blur": "Gambar Tidak Jelas",
    "zface_is_moving": "Gambar Tidak Jelas",
    "zface_processing": "Pengolahan...",
    "zface_user_cancel_title": "Apakah Anda yakin untuk berhenti?",
    "zface_user_cancel_msg": "Harap menghadap langsung ke kamera, sehingga lebih mudah untuk berhasil.",
    "zface_user_cancel_stay": "Pengulangan",
    "zface_user_cancel_quit": "Berhenti",
    "zface_camera_without_permission_title": "Tidak ada izin kamera",
    "zface_camera_without_permission_msg": "Harap izinkan aplikasi untuk mengakses kamera Anda, atau kembali dan coba lagi.",
    "zface_camera_without_permission_go_settings": "Pergi Pengaturan",
    "zface_camera_without_permission_quit": "Berhenti",
    "zface_retry_max_title": "Terlalu banyak upaya",
    "zface_retry_max_msg": "Anda telah mencapai jumlah maksimum upaya. Silakan coba lagi nanti.",
    "zface_retry_max_got_it": "Mengerti",
    "zface_scan_fail_title": "Verifikasi wajah gagal",
    "zface_scan_fail_msg": "Hadapi langsung ke telepon dan pastikan wajah Anda ringan dan jernih.",
    "zface_scan_fail_retry": "Pengulangan",
    "zface_scan_fail_quit": "Berhenti",
    "zface_time_out_title": "Waktu operasi habis",
    "zface_time_out_msg": "Harap menghadap langsung ke kamera, sehingga lebih mudah untuk berhasil.",
    "zface_time_out_retry": "Pengulangan",
    "zface_time_out_quit": "Berhenti",
    "zface_interrupt_title": "Verifikasi wajah terganggu.",
    "zface_interrupt_msg": "Harap menghadap langsung ke kamera, sehingga lebih mudah untuk berhasil.",
    "zface_interrupt_retry": "Pengulangan",
    "zface_interrupt_close": "Berhenti",
    "zface_device_unsupport_msg": "Verifikasi wajah tidak didukung di perangkat ini.",
    "zface_device_unsupport_got_it": "Mengerti",
    "zface_camera_init_error_msg": "Verifikasi wajah tidak didukung di perangkat ini.",
    "zface_camera_init_error_got_it": "Mengerti",
    "zdoc_camera_init_error_msg": "Pengambilan dokumen tidak didukung pada perangkat ini.",
    "zdoc_camera_init_error_got_it": "Mengerti"
}